joseph52@gmail.com,Рахмановский пер. д.37 кв.399,12
kiehn.sincere@gmail.com,пр. № 4914 д.14 кв.284,15
electa.hill@torphy.com,2-я Покровская ул. д.73 кв.70,21
rhayes@glover.com,87-й км МКАД д.16 кв.158,7
ford.lebsack@hand.com,1-й Спасоналивковский пер. д.35 кв.167,17
mikayla56@hotmail.com,ул. Заболотье д.32 кв.476,5
jazmyne.boyle@goodwin.org,Сходненский туп. д.37 кв.368,15
mkling@wisozk.com,Чоботовская ул. д.57 кв.41,5
xcrooks@hotmail.com,Полевая ул. д.68 кв.257,18
eriberto.lind@gmail.com,Алымова ул. д.76 кв.49,8
